sa2_code,sa2_gini
101021007,0.520
101021008,0.376
101021009,0.366
101021010,0.406
101021011,0.427
101021012,0.408
101031013,0.464
101031014,0.433
101031015,0.501
101031016,0.459
101041017,0.450
101041018,0.490
101041019,0.457
101041020,0.486
101041021,0.476
101041022,na
101041023,0.460
101041024,0.481
101041025,0.483
101041026,0.470
101041027,0.501
101051539,0.417
101051540,0.491
101061541,0.424
101061542,0.476
101061543,0.455
101061544,0.493
102011028,0.518
102011029,0.498
102011030,0.525
102011031,0.511
102011032,0.452
102011033,0.401
102011034,0.452
102011035,0.407
102011036,0.444
102011037,0.451
102011038,0.453
102011039,0.508
102011040,0.453
102011041,0.500
102011042,0.444
102011043,0.419
102021044,0.423
102021045,0.384
102021046,0.439
102021047,0.422
102021048,0.415
102021049,0.554
102021050,0.423
102021051,0.449
102021052,0.440
102021053,0.413
102021054,0.445
102021055,0.430
102021056,0.420
102021057,0.416
103011058,0.434
103011059,0.421
103011060,0.490
103011061,0.451
103021062,0.521
103021063,0.451
103021064,0.520
103021065,0.467
103021066,0.510
103021067,0.446
103021068,0.507
103021069,0.496
103031070,0.462
103031071,0.479
103031072,0.484
103031073,0.534
103031074,0.529
103031075,na
103041076,0.471
103041077,0.447
103041078,0.427
103041079,0.501
104011080,0.447
104011081,0.482
104011082,0.501
104021083,0.506
104021084,0.470
104021085,0.460
104021086,0.476
104021087,0.531
104021088,0.493
104021089,0.447
104021090,0.463
104021091,0.465
105011092,0.456
105011093,0.450
105011094,0.614
105011095,0.480
105011096,na
105021097,0.424
105021098,0.515
105031099,0.514
105031100,0.417
105031101,0.411
105031102,0.440
105031103,0.478
105031104,0.492
105031105,0.478
105031106,0.508
106011107,0.468
106011108,0.452
106011109,0.482
106011110,0.488
106011111,0.421
106011112,0.470
106011113,0.542
106021114,0.417
106021115,0.441
106021116,0.479
106021117,0.437
106021118,0.410
106031119,0.485
106031120,0.451
106031121,0.513
106031122,0.407
106031123,0.483
106031124,0.568
106031125,0.434
106041126,0.449
106041127,0.501
106041128,0.487
106041129,0.506
107011131,0.433
107011132,0.413
107011133,na
107011134,0.455
107011545,0.419
107011546,0.433
107011547,0.447
107021135,na
107031136,0.400
107031137,0.403
107031138,0.514
107031139,0.461
107031140,0.501
107031141,0.438
107031142,0.439
107031143,0.425
107041144,0.478
107041145,0.437
107041146,0.469
107041147,0.434
107041148,0.513
107041150,0.456
107041548,0.480
107041549,0.470
108011151,0.487
108011152,0.499
108011153,0.507
108011154,0.504
108021155,0.432
108021156,0.503
108021157,0.468
108021158,0.475
108021159,0.503
108021160,0.496
108031161,0.445
108041162,0.492
108041163,0.481
108041164,0.474
108041165,0.520
108041166,0.466
108051167,0.540
108051168,0.491
108051169,0.458
108051170,0.512
108051171,0.417
109011172,0.424
109011173,0.422
109011174,0.487
109011175,0.479
109011176,0.405
109021177,0.455
109021178,0.494
109021179,0.509
109031180,0.458
109031181,0.478
109031182,0.446
109031183,0.546
109031184,0.462
109031185,0.488
110011186,0.469
110011187,0.506
110011188,0.470
110011189,0.539
110021190,0.501
110021191,0.439
110021192,0.547
110021193,0.539
110021194,0.529
110031195,0.457
110031196,0.646
110031197,0.437
110031198,0.550
110041199,0.468
110041200,0.540
110041201,0.514
110041202,0.424
110041203,0.451
110041204,0.377
110041205,0.479
111011206,0.468
111011207,0.464
111011208,0.455
111011209,0.434
111011210,0.431
111011211,0.496
111011212,0.475
111011213,0.498
111011214,0.472
111021215,0.442
111021216,0.457
111021217,0.392
111021218,0.468
111021219,0.502
111021220,0.478
111021221,0.409
111031222,0.446
111031223,0.437
111031224,0.483
111031225,0.455
111031226,0.409
111031227,0.406
111031228,0.527
111031229,0.524
111031230,na
111031231,0.445
111031232,0.454
111031233,0.439
111031234,0.421
111031235,0.420
112011236,0.467
112011237,0.496
112011238,0.563
112011239,0.488
112011240,0.554
112011241,0.465
112011242,0.492
112011243,0.532
112021244,0.414
112021245,0.473
112021246,0.428
112021247,0.510
112021248,0.431
112021249,0.500
112031250,0.496
112031251,0.440
112031252,0.501
112031253,0.463
112031254,0.460
112031550,0.443
112031551,0.469
112031552,0.427
113011256,0.429
113011257,0.472
113011258,0.421
113011259,0.460
113021260,0.470
113021261,0.426
113021262,0.447
113031263,0.474
113031264,0.483
113031265,0.448
113031266,0.480
113031267,0.456
113031268,0.421
113031269,0.401
113031270,0.461
113031271,0.454
114011272,0.512
114011273,0.471
114011274,0.463
114011275,na
114011276,0.491
114011277,0.456
114011278,0.425
114011279,0.444
114011280,0.477
114011281,0.460
114011282,0.483
114011283,0.495
114021284,0.577
114021285,0.415
114021286,0.539
114021287,0.471
114021288,0.605
114021289,0.543
115011290,0.453
115011291,0.496
115011294,0.616
115011296,0.559
115011553,0.475
115011554,0.529
115011555,0.518
115011556,0.504
115011557,0.483
115011558,0.506
115011559,0.459
115021297,0.604
115021298,0.550
115031299,0.480
115031300,0.447
115041301,0.438
115041302,0.445
116011303,0.386
116011304,0.382
116011306,0.372
116011307,0.403
116011308,0.401
116011560,0.387
116011561,0.384
116021309,0.417
116021310,0.401
116021312,0.402
116021562,0.382
116021563,0.385
116031313,0.372
116031314,0.356
116031315,0.355
116031316,0.361
116031317,0.377
116031318,na
116031319,0.366
117011320,na
117011321,0.404
117011322,0.420
117011323,0.443
117011324,na
117011325,na
117021326,0.427
117021327,0.456
117021328,0.406
117031329,0.544
117031330,0.403
117031331,0.506
117031332,0.456
117031333,0.556
117031334,0.563
117031335,0.553
117031336,0.499
117031337,0.684
117031338,0.435
118011339,0.593
118011340,0.554
118011341,0.549
118011343,0.668
118011344,0.577
118011345,0.592
118011346,0.696
118011347,0.641
118021348,0.530
118021350,0.476
118021564,0.531
118021565,0.515
118021566,0.552
118021567,0.477
118021568,0.487
118021569,0.508
118021570,0.497
119011354,0.438
119011355,0.448
119011356,0.433
119011357,0.438
119011358,0.433
119011359,0.430
119011360,0.416
119011361,0.421
119011571,0.429
119011572,0.420
119021362,0.417
119021363,0.425
119021364,0.458
119021366,0.423
119021367,0.432
119021573,0.416
119021574,0.421
119031368,0.464
119031369,0.459
119031370,0.455
119031371,0.509
119031372,0.478
119031373,0.425
119031374,0.518
119041375,0.434
119041376,0.432
119041377,0.475
119041378,0.420
119041379,0.453
119041380,0.454
119041381,0.420
119041382,0.472
120011383,0.519
120011384,0.470
120011385,0.517
120011386,0.486
120021387,0.572
120021388,0.481
120021389,0.500
120031390,0.459
120031391,0.512
120031392,0.443
120031393,0.449
120031394,0.435
120031395,0.531
120031396,0.437
120031575,0.545
120031576,0.454
121011398,0.547
121011399,0.496
121011400,0.578
121011401,0.480
121011402,0.620
121021403,0.455
121021404,0.454
121021406,0.484
121021577,0.429
121021578,0.478
121021579,0.469
121031407,0.628
121031408,0.617
121031409,0.597
121031410,0.582
121031411,0.582
121031412,0.608
121041413,0.568
121041414,0.487
121041415,0.664
121041416,0.540
121041417,0.552
122011418,0.609
122011419,0.568
122021420,0.618
122021421,0.592
122021422,0.563
122021423,0.505
122031424,0.481
122031425,0.490
122031426,0.483
122031427,0.545
122031428,0.528
122031429,0.507
122031430,0.503
122031431,0.510
122031432,0.606
123011433,0.444
123011434,0.417
123011435,0.369
123021436,0.374
123021437,0.398
123021438,0.365
123021440,0.418
123021441,0.385
123021442,0.382
123021443,0.373
123021444,0.393
123031445,0.412
123031446,0.427
123031447,0.419
123031448,0.457
124011449,0.477
124011450,0.457
124011451,na
124011452,0.484
124011453,0.432
124011454,0.437
124011455,0.504
124021456,na
124031457,0.372
124031458,0.385
124031459,0.423
124031460,0.395
124031461,0.386
124031462,0.382
124031463,0.448
124031464,0.413
124031465,0.399
124041466,0.416
124041467,0.399
124041468,0.426
124051469,0.376
124051470,0.358
124051580,0.362
124051581,0.364
125011473,0.435
125011475,na
125011582,0.444
125011583,0.415
125011584,0.454
125011585,0.440
125011586,0.461
125011587,0.435
125021476,0.494
125021477,0.432
125021478,0.470
125031479,0.423
125031480,0.401
125031481,0.423
125031482,0.412
125031483,0.430
125031484,0.408
125031485,0.420
125031486,na
125031487,na
125041489,0.422
125041490,0.478
125041491,0.410
125041492,0.416
125041493,0.431
125041494,0.445
125041588,0.417
125041589,0.422
126011495,0.520
126011496,0.526
126021497,0.518
126021498,0.521
126021499,0.657
126021500,0.459
126021501,0.487
126021503,0.444
126021590,0.561
126021591,0.468
127011504,0.385
127011505,0.443
127011506,0.404
127011592,na
127011593,0.424
127011594,0.382
127011595,0.381
127011596,0.371
127011597,0.383
127021509,0.395
127021510,0.411
127021511,0.424
127021512,0.404
127021513,0.414
127021514,0.402
127021515,0.402
127021516,0.413
127021517,0.414
127021518,0.474
127021519,0.395
127021520,0.416
127021521,0.450
127031522,0.416
127031523,0.417
127031524,0.395
127031598,0.399
127031599,0.382
127031600,0.382
127031601,0.392
128011529,0.471
128011530,0.480
128011531,0.546
128011602,0.420
128011603,0.533
128011604,0.486
128011605,0.583
128011606,0.549
128021533,0.431
128021534,0.476
128021535,0.444
128021536,0.486
128021537,na
128021538,0.416
128021607,0.417
128021608,0.442
128021609,0.442
201011001,0.430
201011002,0.539
201011003,0.447
201011004,0.409
201011005,0.463
201011006,0.399
201011007,0.406
201011008,0.415
201021009,0.448
201021010,0.486
201021011,0.504
201021012,0.460
201031013,0.519
201031014,0.570
201031015,0.430
201031016,0.437
201031017,0.507
202011018,0.467
202011019,0.399
202011020,0.477
202011021,0.438
202011022,0.412
202011023,0.419
202011024,0.442
202011025,0.407
202021026,0.455
202021027,0.461
202021028,0.496
202021029,0.483
202021030,0.475
202021031,0.483
202031032,0.477
202031033,0.573
203011034,0.436
203011035,0.458
203011036,0.494
203021037,0.435
203021038,0.405
203021039,0.473
203021040,0.441
203021041,0.430
203021042,0.495
203021043,0.424
203021044,0.420
203021045,0.411
203021046,0.521
203021047,0.438
203031048,0.455
203031049,0.538
203031050,0.479
203031051,0.514
203031052,0.554
203031053,0.492
204011054,0.526
204011055,0.514
204011056,0.424
204011057,0.503
204011058,0.478
204011059,0.416
204011060,0.467
204011061,na
204011062,0.502
204021063,0.449
204021064,0.527
204021065,0.444
204021066,0.439
204021067,0.478
204031068,0.467
204031069,0.482
204031070,0.415
204031071,0.448
204031072,0.470
204031073,0.397
204031074,0.407
204031075,0.442
205011076,0.437
205011077,0.495
205011078,0.481
205011079,0.471
205021080,na
205021081,0.447
205021082,0.479
205021084,0.483
205021085,0.503
205021086,0.507
205031087,0.546
205031088,na
205031089,0.488
205031090,0.479
205031091,0.470
205031092,na
205031093,0.478
205041094,0.471
205041095,0.459
205041096,0.458
205041097,0.451
205041098,0.459
205051099,na
205051100,0.522
205051101,0.487
205051102,0.521
205051103,0.487
205051104,0.526
206011105,0.441
206011106,0.433
206011107,0.440
206011108,0.434
206011109,0.436
206021110,0.477
206021111,0.461
206021112,0.432
206031113,0.477
206031114,0.485
206031115,0.462
206031116,0.478
206041117,0.532
206041118,0.510
206041119,0.601
206041120,na
206041121,0.420
206041122,0.572
206041123,0.500
206041124,0.556
206041125,0.628
206041126,0.516
206041127,na
206051128,0.599
206051129,0.482
206051130,0.494
206051131,na
206051132,0.535
206051133,0.503
206051134,0.443
206061135,0.601
206061136,0.499
206061137,0.551
206061138,na
206071139,0.445
206071140,0.524
206071141,0.454
206071142,0.510
206071143,0.506
206071144,0.462
206071145,0.495
207011146,0.532
207011147,0.590
207011148,0.550
207011149,0.579
207011150,0.545
207011151,0.589
207011152,0.565
207011153,0.609
207011154,0.541
207011155,0.637
207021156,0.497
207021157,0.532
207021159,0.549
207021160,0.502
207021424,0.507
207021425,0.488
207031161,0.495
207031162,0.480
207031163,0.507
207031164,0.500
207031165,0.514
207031166,0.492
207031167,0.540
208011168,0.561
208011169,0.632
208011170,0.558
208011171,0.474
208011172,0.571
208011173,0.555
208021174,0.493
208021176,0.461
208021177,0.560
208021178,0.520
208021179,0.523
208021180,0.441
208021181,0.471
208021182,0.467
208021426,0.468
208021427,0.459
208031183,0.445
208031184,0.548
208031185,0.466
208031186,0.412
208031187,0.393
208031188,0.449
208031189,0.447
208031190,0.467
208031191,0.454
208031192,na
208031193,0.459
208041194,0.585
208041195,0.568
209011196,0.439
209011197,0.432
209011198,0.469
209011199,0.431
209011200,0.514
209011201,0.578
209011202,0.450
209011203,0.445
209011204,0.410
209021205,0.505
209021207,0.409
209021208,0.419
209021428,0.419
209021429,0.433
209031209,0.470
209031210,0.425
209031211,0.431
209031212,0.499
209031213,0.475
209031214,0.530
209031215,0.428
209041216,0.452
209041217,0.421
209041219,0.401
209041220,0.395
209041221,0.394
209041223,0.412
209041224,0.381
209041225,0.431
209041430,0.386
209041431,0.388
209041432,0.388
209041433,0.386
209041434,0.372
209041435,0.382
209041436,0.382
209041437,0.360
210011226,0.408
210011227,na
210011228,0.475
210011229,0.443
210011230,0.450
210011231,0.482
210021232,0.465
210021233,0.526
210021234,0.428
210021235,0.460
210031236,0.431
210031237,0.436
210031239,0.414
210031438,0.414
210031439,0.402
210031440,0.422
210041240,0.421
210041241,0.404
210051242,0.405
210051243,0.424
210051245,0.409
210051246,0.430
210051247,0.398
210051248,na
210051249,0.405
210051250,0.370
210051441,0.367
210051442,0.378
210051443,0.376
210051444,0.375
210051445,0.397
211011251,0.406
211011254,0.433
211011255,0.467
211011256,0.427
211011257,0.431
211011258,0.432
211011259,0.443
211011260,0.471
211011446,0.396
211011447,0.407
211011448,0.406
211011449,0.402
211021261,0.536
211021262,0.541
211031263,0.391
211031265,0.440
211031266,0.440
211031267,0.438
211031268,0.462
211031450,0.396
211031451,0.457
211031452,0.424
211041269,0.472
211041270,0.450
211041271,0.451
211041272,0.475
211041273,0.511
211051274,0.457
211051275,0.442
211051276,0.457
211051277,0.395
211051278,0.443
211051279,0.468
211051280,0.440
211051281,0.404
211051282,0.482
211051283,0.416
211051284,0.410
211051285,0.447
211051286,0.424
212011287,0.416
212011288,0.444
212011289,0.454
212011290,0.449
212011291,0.369
212011292,0.378
212021293,0.473
212021294,0.411
212021295,0.377
212021297,0.395
212021299,0.492
212021453,0.424
212021454,0.416
212021455,0.394
212021456,0.370
212031300,0.369
212031301,0.365
212031302,0.368
212031303,0.421
212031304,0.344
212031305,0.359
212031306,0.375
212031308,0.410
212031457,0.425
212031458,0.383
212041309,0.418
212041310,0.413
212041311,0.414
212041312,0.407
212041313,0.447
212041314,0.420
212041316,0.394
212041317,0.427
212041318,0.401
212041459,0.381
212041460,0.389
212051319,0.467
212051320,0.473
212051321,0.526
212051322,0.511
212051323,0.516
212051324,0.500
212051325,0.446
212051326,0.445
212051327,0.524
213011328,0.393
213011329,0.405
213011330,0.382
213011331,0.373
213011332,0.411
213011333,0.381
213011334,0.408
213011335,0.406
213011336,0.410
213011337,0.413
213011338,0.396
213011339,0.397
213011340,0.426
213021341,0.437
213021342,0.388
213021343,0.408
213021344,0.429
213021345,0.390
213021346,0.506
213031347,0.420
213031348,0.427
213031349,0.450
213031350,0.413
213031351,0.412
213031352,0.424
213041353,0.413
213041355,0.387
213041356,0.391
213041357,0.382
213041358,0.375
213041359,0.407
213041360,0.396
213041461,0.387
213041462,0.377
213041463,0.401
213051361,0.400
213051362,0.401
213051363,0.412
213051365,0.383
213051366,0.380
213051368,0.422
213051369,0.373
213051464,0.464
213051465,0.418
213051466,0.414
213051467,0.396
213051468,0.410
214011370,0.359
214011371,0.415
214011372,0.389
214011373,0.458
214011374,0.409
214011375,0.396
214011376,0.412
214021377,0.493
214021378,0.578
214021379,0.447
214021380,0.486
214021381,0.548
214021382,0.505
214021383,0.553
214021384,0.456
214021385,0.431
215011386,0.418
215011387,0.523
215011388,0.444
215011389,na
215011390,0.615
215011391,0.512
215011392,0.452
215011393,0.507
215011394,0.548
215021395,0.446
215021396,0.439
215021398,0.497
215021399,0.478
215021469,0.441
215021470,0.428
215031400,0.639
215031401,0.547
215031402,0.468
215031403,0.527
215031404,0.442
215031405,0.498
216011406,0.440
216011407,0.462
216011408,0.506
216011409,0.508
216011410,0.560
216021411,0.437
216021412,0.495
216021413,0.517
216021414,0.462
216031415,0.402
216031416,0.442
216031417,0.437
216031418,0.493
216031419,0.475
217011420,0.472
217011421,0.464
217011422,0.446
217011423,0.504
217031471,0.476
217031472,0.426
217031473,0.504
217031474,0.485
217031475,0.514
217031476,0.502
217041477,0.488
217041478,0.469
217041479,0.436
217041480,0.451
301011001,0.391
301011002,0.526
301011003,0.435
301011004,0.403
301011005,0.402
301011006,0.459
301021007,0.523
301021008,0.513
301021009,0.439
301021011,0.412
301021012,0.449
301021013,0.446
301021527,0.491
301031014,na
301031015,0.544
301031016,0.428
301031017,0.426
301031018,0.398
301031019,0.450
301031020,0.455
301031021,0.394
302011022,0.392
302011023,0.528
302011024,0.448
302011025,0.418
302011026,0.459
302021027,0.455
302021028,0.410
302021029,0.438
302021030,0.418
302021031,0.434
302021032,0.410
302021033,0.428
302021034,0.441
302031035,0.411
302031036,na
302031037,0.479
302031038,0.419
302031039,0.402
302031040,0.403
302041041,0.396
302041042,0.425
302041043,0.418
302041044,0.469
302041045,0.389
302041046,0.384
303011047,0.475
303011048,0.438
303011049,0.413
303011050,0.435
303011051,0.510
303021052,0.445
303021053,0.474
303021054,0.500
303021055,0.437
303021056,0.445
303021057,0.492
303021058,0.463
303021059,0.523
303031060,0.487
303031061,0.500
303031062,0.442
303031063,0.428
303031064,0.506
303031065,0.460
303031066,0.464
303041067,0.434
303041068,0.421
303041069,0.572
303041070,0.420
303041071,0.467
303051072,0.397
303051073,0.452
303051074,0.392
303051075,0.419
303051076,0.407
303061077,0.470
303061078,0.449
303061079,0.506
303061080,0.493
304011081,0.478
304011082,0.441
304011083,0.389
304011084,0.481
304011085,0.502
304021086,0.463
304021087,0.617
304021088,0.528
304021089,0.584
304021090,0.514
304021091,0.566
304031092,0.575
304031093,0.511
304031094,0.572
304031095,0.511
304031096,0.626
304031097,0.523
304041098,0.409
304041099,na
304041100,0.434
304041101,0.426
304041103,0.498
304041104,0.433
305011105,0.598
305011106,0.445
305011107,0.543
305011108,0.530
305011109,0.541
305011110,0.541
305011111,0.535
305011112,0.516
305021113,0.510
305021114,0.534
305021115,0.493
305021116,0.569
305021117,0.432
305021118,0.510
305031119,0.453
305031120,0.487
305031121,0.630
305031122,0.539
305031123,0.494
305031124,0.594
305031125,0.544
305031126,0.517
305031127,0.512
305031128,0.523
305031129,0.540
305031130,0.489
305031131,0.475
305041132,0.519
305041133,0.518
305041134,0.561
305041135,0.524
305041136,0.498
305041137,0.519
306011138,0.421
306011139,0.461
306011140,0.458
306011141,0.421
306011142,0.428
306011143,0.430
306021144,0.368
306021145,0.493
306021146,0.425
306021147,0.381
306021148,0.417
306021149,0.438
306021151,0.381
306021152,0.420
306021153,0.393
306021154,0.423
306021155,0.388
306021156,0.487
306021157,0.378
306031158,0.467
306031159,0.449
306031160,0.446
306031161,0.479
306031162,na
306031163,0.382
306041164,0.445
306041165,0.448
306051166,0.498
306051167,0.533
306051168,0.473
306051169,0.530
306051170,0.458
307011171,0.544
307011172,0.497
307011173,0.544
307011174,0.677
307011175,0.556
307011176,0.451
307011177,0.572
307011178,0.576
307021179,0.519
307021180,0.436
307021181,0.552
307021182,0.510
307021183,0.456
307031184,0.520
307031185,0.501
307031186,0.549
307031187,0.467
307031188,0.498
307031189,0.440
308011190,0.460
308011191,0.548
308011192,0.462
308031205,0.389
308031206,0.474
308031207,0.475
308031208,0.431
308031209,0.442
308031210,0.422
308031211,0.386
308031212,0.459
308031213,0.429
308031214,0.391
308031215,0.411
308031216,0.426
308031217,0.475
308031218,0.490
308031219,0.564
308031220,0.535
308031221,na
308031222,0.502
308031223,0.467
308041528,0.529
308041529,0.452
308051530,0.544
308051531,0.473
308051532,na
308051533,0.465
308051534,0.501
308051535,0.478
308051536,0.450
308051537,na
308051538,0.460
308051539,0.497
309011224,0.534
309011225,0.470
309011226,0.454
309011227,0.508
309011228,0.466
309011229,0.449
309021230,0.504
309021231,0.483
309021232,0.448
309021233,0.440
309021234,0.470
309031235,0.452
309031236,0.459
309031237,0.429
309031238,0.419
309031239,0.560
309031240,0.508
309041241,0.473
309041242,0.474
309051243,0.494
309051244,0.457
309051245,0.444
309061246,0.446
309061247,0.406
309061248,0.416
309061249,0.410
309061250,0.477
309071251,0.438
309071252,0.457
309071253,0.546
309071254,0.467
309071255,0.400
309071256,0.406
309071257,0.400
309071258,0.406
309081259,0.554
309081260,0.401
309081261,0.451
309081262,0.444
309091263,0.454
309091264,0.437
309091265,0.431
309091540,0.460
309091541,0.514
309101267,0.536
309101268,0.552
309101269,0.588
309101270,0.542
310011271,0.402
310011272,0.398
310011273,0.396
310011274,0.394
310011275,0.408
310011276,0.395
310021277,0.477
310021278,0.511
310021279,na
310021280,0.436
310021281,0.436
310021282,0.419
310031283,0.393
310031284,0.375
310031285,0.360
310031286,0.430
310031287,0.406
310031288,0.428
310031289,0.418
310031290,0.426
310031291,0.392
310031292,0.386
310031293,0.378
310031294,0.366
310031295,0.388
310041296,0.405
310041297,0.388
310041298,na
310041299,0.364
310041300,0.376
310041301,na
310041302,0.360
310041303,0.362
310041304,0.367
311011305,0.447
311021306,0.390
311021307,0.394
311021308,0.360
311021309,0.386
311021310,0.421
311031311,0.401
311031312,0.363
311031313,0.419
311031314,0.350
311031316,0.400
311031317,0.362
311031318,0.400
311031319,0.365
311041320,0.408
311041321,0.393
311041322,0.420
311051323,0.379
311051324,0.440
311051325,0.380
311051326,0.388
311051327,0.414
311051328,0.383
311061329,0.440
311061330,0.367
311061331,0.382
311061332,0.406
311061333,0.367
311061334,0.403
311061335,0.422
311061336,0.382
312011337,0.491
312011338,0.463
312011339,0.530
312011340,0.519
312011341,0.423
312021342,0.421
312021343,0.433
312021344,0.446
312021346,0.461
312021347,0.498
312021348,0.469
312021349,0.456
312021350,0.433
312021351,0.451
312021352,0.455
312021353,0.491
312021354,0.432
312021355,0.445
312021356,0.415
312021357,0.449
312021358,0.438
312031359,0.450
312031361,0.450
313011362,0.456
313011363,0.513
313021364,0.433
313021365,0.431
313021366,0.404
313021367,0.426
313021368,0.393
313021369,0.462
313031370,0.448
313031371,0.461
313041372,0.413
313041373,0.393
313041374,0.439
313041375,0.400
313041376,0.450
313051377,0.408
313051378,0.442
313051379,0.447
313051380,0.409
313051542,0.504
314011382,0.444
314011383,0.412
314011384,0.478
314011385,0.435
314011386,0.421
314011387,0.530
314021388,0.372
314021389,0.403
314021390,0.418
314031391,0.371
314031392,0.388
314031393,0.391
314031394,0.385
315011395,0.468
315011396,0.472
315011397,na
315011398,0.492
315011399,0.415
315011400,0.555
315011401,0.391
315011402,0.425
315011403,0.391
315021404,0.454
315021405,0.387
315021406,0.429
315021407,0.548
315031408,0.512
315031409,0.472
315031410,0.490
315031411,0.496
315031412,0.541
316011413,0.514
316011414,0.504
316011415,0.441
316011416,0.451
316021417,0.447
316021418,0.531
316021419,0.513
316021420,0.436
316021421,0.532
316021422,0.495
316021423,0.484
316021424,0.454
316031425,0.478
316031426,0.465
316031427,0.462
316031428,0.495
316051434,0.570
316051435,0.547
316051437,0.525
316051438,0.454
316051543,0.505
316051544,0.478
316061439,0.479
316061440,0.558
316061441,0.456
316061442,0.454
316061443,0.553
316061444,0.494
316071545,0.448
316071546,0.524
316071547,0.489
316071548,0.428
316081549,0.509
317011445,0.443
317011446,0.430
317011447,0.403
317011448,0.455
317011449,0.392
317011450,0.455
317011451,0.455
317011452,0.493
317011453,0.402
317011454,0.421
317011455,0.484
317011456,0.439
317011457,0.508
317011458,0.420
317011459,0.386
318011460,0.442
318011461,0.448
318011462,0.468
318011463,0.563
318011464,0.428
318011465,0.440
318011466,0.393
318021467,0.431
318021468,0.440
318021469,0.486
318021470,0.386
318021471,0.406
318021472,0.432
318021473,0.372
318021474,0.440
318021475,0.411
318021476,0.389
318021477,0.417
318021478,0.417
318021479,0.459
318021480,0.405
318021481,0.414
318021482,0.390
318021483,0.489
318021484,0.396
318021485,0.463
318021486,0.445
318021487,0.408
318021488,0.402
318021489,0.436
318021490,0.496
318021491,0.400
319011492,0.442
319011493,0.503
319011494,0.458
319011495,0.494
319011496,0.453
319011497,0.466
319011498,0.510
319011499,0.520
319011500,0.449
319011501,0.417
319011502,0.435
319021503,0.523
319021504,0.570
319021505,0.460
319021506,0.487
319021507,0.524
319021508,0.537
319021509,0.503
319021510,na
319031511,0.545
319031512,0.438
319031513,0.447
319031514,0.506
319031515,0.564
319041516,0.474
319041517,0.518
319041518,0.495
319041519,0.470
319041520,0.456
319041521,0.479
319051522,0.489
319051523,0.443
319051524,0.437
319051525,0.508
319051526,0.452
401011001,0.545
401011002,0.585
401021003,0.495
401021004,0.512
401021005,0.496
401021006,0.457
401021007,0.427
401021008,0.452
401021009,0.391
401021010,0.487
401031011,0.537
401031012,0.560
401031013,0.556
401041014,0.441
401041015,0.422
401041016,0.453
401051017,0.518
401051018,0.454
401051019,0.526
401061020,0.454
401061021,0.458
401061022,0.591
401071023,0.518
401071024,0.527
402011025,0.400
402011026,0.414
402011027,0.384
402021028,0.357
402021029,0.361
402021030,0.389
402021031,0.373
402021032,0.366
402021033,0.465
402021034,0.370
402021035,0.448
402031036,0.402
402031037,0.422
402031038,0.408
402041039,na
402041040,0.389
402041041,0.395
402041042,na
402041043,0.366
402041044,0.351
402041046,0.377
402041047,0.390
402041048,0.355
402041171,0.414
402041172,0.386
402051049,0.417
402051050,0.384
402051051,0.439
402051052,0.404
402051053,0.385
402051054,0.397
402051055,0.410
403011056,0.489
403011057,0.490
403021058,0.401
403021059,0.413
403021060,0.435
403021061,0.418
403021062,0.427
403021063,0.362
403021064,0.409
403031065,0.499
403031066,0.476
403031067,0.448
403031068,0.445
403031069,0.531
403031070,0.457
403041071,0.404
403041072,0.405
403041073,0.379
403041074,0.411
403041075,0.485
403041076,0.425
403041077,0.439
403041078,0.390
403041079,0.375
403041080,0.397
403041082,na
403041083,0.471
403041084,0.374
403041085,0.376
403041086,0.369
403041087,0.393
403041088,0.460
403041089,0.380
404011090,0.394
404011091,0.422
404011092,0.470
404011093,0.411
404011094,0.372
404011095,0.438
404011096,0.476
404011097,0.401
404021098,na
404021099,0.403
404021100,0.408
404021101,0.385
404021102,0.414
404031104,na
404031105,0.456
404031106,0.455
404031107,0.433
404031108,0.412
404031109,0.487
405011110,0.449
405011111,0.425
405011112,0.422
405011113,0.517
405011114,0.413
405011115,0.459
405021116,0.477
405021117,0.503
405021118,0.493
405021119,0.469
405031120,0.490
405031121,0.483
405031122,0.431
405031123,0.480
405041124,0.452
405041125,0.481
405041126,0.478
405041127,0.537
405041128,0.548
406011129,0.420
406011130,0.497
406011131,0.514
406011132,0.511
406011133,0.448
406011134,0.487
406011135,na
406011136,0.419
406021138,0.504
406021139,0.397
406021140,0.454
406021141,0.474
406021142,0.417
406021143,0.385
407011144,0.502
407011145,0.489
407011146,0.437
407011147,0.461
407011148,0.494
407011149,0.498
407021150,0.465
407021151,0.508
407021152,0.460
407021154,0.463
407021155,0.513
407021156,0.479
407021157,0.516
407021158,0.502
407021173,0.415
407021174,0.408
407031159,0.438
407031160,0.451
407031161,0.529
407031162,0.449
407031163,0.512
407031164,0.472
407031165,0.411
407031166,0.474
407031167,0.456
407031168,0.457
407031169,0.496
407031170,0.454
501011001,0.516
501011002,0.478
501011003,0.517
501011004,0.484
501021005,0.461
501021007,0.480
501021008,0.429
501021009,0.484
501021010,0.569
501021011,na
501021012,0.441
501021014,0.472
501021015,0.440
501021016,0.476
501021251,0.447
501021252,0.514
501021253,0.499
501021254,0.439
501031017,0.529
501031018,0.519
501031019,0.444
501031020,0.535
502011021,0.504
502011022,0.514
502011023,0.480
502011024,0.522
502011025,0.490
502011026,0.501
502011027,0.456
502011028,0.491
502011029,0.477
503011030,0.617
503011031,0.613
503011032,0.621
503011033,0.574
503011034,0.668
503011035,0.657
503011036,0.600
503021037,na
503021038,0.471
503021039,0.523
503021040,0.487
503021041,0.537
503021042,0.560
503021043,0.525
504011044,0.432
504011045,0.446
504011046,0.472
504011047,0.431
504011048,0.460
504021049,0.448
504021050,0.509
504021051,0.442
504021052,na
504021053,0.477
504021054,0.427
504031055,na
504031056,0.409
504031057,0.401
504031058,0.456
504031059,0.404
504031060,0.532
504031061,0.436
504031062,0.404
504031063,0.437
504031065,0.443
504031066,0.423
504031067,0.403
504031068,0.467
505011070,0.395
505011071,0.439
505011072,0.494
505011073,0.442
505011074,0.435
505011075,0.526
505011076,0.495
505011077,0.440
505011078,0.445
505011079,0.495
505011080,0.486
505011081,0.433
505011082,0.545
505011083,0.462
505021084,0.430
505021085,0.387
505021086,0.492
505021088,0.445
505021089,0.500
505021090,0.394
505021091,0.663
505021092,0.461
505021093,0.476
505021094,0.531
505021095,0.420
505021096,0.557
505021097,0.503
505031098,0.415
505031099,0.422
505031100,0.404
505031101,0.407
505031102,0.385
505031103,0.431
505031104,0.411
505031105,0.476
505031106,na
505031107,0.427
505031108,0.436
505031255,0.383
505031256,0.459
505031257,0.473
505031258,0.436
506011110,0.395
506011111,na
506011112,0.405
506011113,0.402
506011114,0.421
506011115,0.468
506011116,0.474
506011117,0.381
506021118,0.440
506021119,0.451
506021120,na
506021121,na
506021122,0.433
506021123,0.473
506031124,0.463
506031125,0.479
506031126,na
506031127,0.425
506031128,0.430
506031129,0.535
506031130,0.445
506031131,0.490
506041132,0.415
506041133,0.449
506041134,0.399
506041135,0.422
506041136,0.423
506041137,0.426
506051138,0.407
506051139,0.398
506051140,0.490
506051141,0.481
506061142,0.407
506061143,0.481
506061144,0.489
506071145,0.484
506071146,0.548
506071147,0.545
507011148,0.436
507011150,0.396
507011152,0.457
507011153,0.432
507011154,0.441
507011155,na
507011158,0.519
507011159,0.421
507011160,0.432
507011161,0.420
507011163,0.414
507011259,0.425
507011260,0.490
507021164,0.546
507021165,0.534
507021166,0.493
507021167,na
507031169,0.397
507031170,0.412
507031172,na
507031173,na
507031174,0.410
507031261,0.417
507041175,0.609
507041176,0.514
507041177,0.490
507041178,0.548
507041179,0.518
507041180,0.481
507041181,0.532
507041182,0.501
507041183,0.439
507041184,0.537
507051185,0.425
507051186,0.428
507051187,0.444
507051188,0.459
507051189,na
507051190,0.478
507051191,0.453
507051192,0.439
507051193,0.443
509011225,0.485
509011226,0.539
509011227,0.460
509011228,0.518
509011229,0.528
509011230,0.459
509011231,0.504
509011232,0.469
509011233,0.417
509011234,0.497
509021236,0.489
509021237,0.493
509021238,0.501
509021239,0.520
509021240,0.501
509021241,0.501
509021242,0.515
509021243,0.445
509021244,0.512
509021245,0.658
509031246,0.502
509031247,0.526
509031248,0.462
509031249,0.456
509031250,0.502
510011262,0.417
510011263,0.450
510011264,0.491
510011265,0.432
510011266,0.505
510021267,0.473
510021268,0.409
510021269,0.414
510021270,0.396
510031271,0.388
510031272,0.428
510031273,0.416
511011274,0.474
511011275,0.555
511021276,0.479
511021277,0.446
511031278,0.401
511031279,0.414
511031280,0.402
511031281,na
511031282,0.423
511031283,0.408
511041285,0.469
511041286,0.437
511041287,0.432
511041288,0.437
511041289,0.511
511041290,0.506
511041291,0.572
511041292,0.530
601011001,0.369
601011002,0.354
601011003,0.367
601021004,0.487
601021005,0.428
601021006,0.382
601021007,0.428
601021008,0.445
601021009,0.359
601021010,0.343
601021011,0.369
601021012,0.431
601031013,0.372
601031014,0.366
601031015,0.367
601031016,0.371
601031017,0.383
601031018,0.380
601031019,0.394
601031020,0.389
601031021,0.389
601041022,0.407
601041023,0.444
601041024,0.405
601041026,0.478
601051027,0.544
601051028,0.421
601051029,0.500
601051030,0.445
601051031,0.566
601051032,0.467
601051033,0.464
601061034,0.395
601061035,0.411
602011036,0.415
602011037,0.416
602011038,0.518
602011039,0.438
602011040,0.434
602011041,0.404
602011042,0.502
602011043,0.447
602011044,0.417
602011045,0.375
602011046,0.447
602011047,0.413
602011048,0.375
602011049,0.433
602011050,0.382
602011051,0.431
602011052,0.436
602021053,0.477
602021054,0.482
602021055,0.477
602021056,0.388
602021057,0.475
602031058,0.447
602031059,0.443
602031060,0.427
602031061,0.517
602031062,0.421
602031064,0.513
602031099,0.486
602031100,0.473
603011065,0.517
603011066,0.421
603011067,0.450
603011068,na
603021069,0.523
603021070,0.506
603021071,0.463
603021072,0.439
603031073,0.484
603031074,0.498
604011075,0.385
604011076,0.469
604011077,0.449
604011078,0.447
604011079,0.444
604011080,0.412
604011081,0.454
604011082,0.426
604011083,0.433
604011084,0.433
604021085,0.455
604021086,0.474
604021087,0.410
604021088,0.424
604021089,0.456
604021090,0.413
604021091,0.461
604021092,0.425
604031093,0.480
604031094,0.483
604031095,0.406
604031096,0.502
604031097,0.479
701011001,na
701011002,0.512
701011003,na
701011004,0.496
701011005,0.492
701011006,0.435
701011007,0.478
701011008,0.401
701011009,0.450
701021010,0.418
701021011,0.376
701021012,0.452
701021013,0.461
701021015,na
701021016,0.387
701021017,na
701021018,0.401
701021019,0.380
701021020,0.390
701021021,0.387
701021022,0.390
701021023,0.397
701021024,0.398
701021025,0.436
701021026,0.417
701021027,0.391
701021028,0.392
701021029,0.415
701021030,0.380
701031031,0.401
701031032,0.399
701031033,na
701031034,0.415
701031035,0.421
701041036,0.349
701041037,0.374
701041038,0.402
701041039,0.374
701041040,0.364
701041041,0.367
701041042,0.339
701041043,0.396
701041044,0.370
702011045,0.397
702011046,0.376
702011047,0.369
702011048,0.367
702011049,0.394
702011050,0.341
702011051,0.399
702011052,0.470
702011053,0.508
702011054,0.408
702021055,0.429
702021056,0.391
702031057,0.460
702031058,0.480
702031059,0.439
702031060,0.416
702031061,na
702041062,0.423
702041063,0.493
702041064,0.410
702051065,0.425
702051066,0.487
702051067,0.395
702051068,0.413
801011001,0.450
801011002,0.397
801011003,0.435
801011004,0.360
801011005,0.408
801011006,0.347
801011007,0.400
801011008,0.405
801011009,0.390
801011010,0.406
801011011,0.398
801011013,0.462
801011014,0.377
801011015,0.373
801011016,0.424
801011017,0.371
801011018,0.474
801011019,0.347
801011020,0.420
801011021,0.429
801011022,0.416
801011023,0.401
801011024,0.377
801011025,0.386
801011026,0.435
801011111,na
801011112,na
801031031,na
801031032,na
801031113,0.501
801031114,na
801031115,0.507
801041034,0.390
801041035,0.364
801041036,0.329
801041037,0.357
801041038,0.388
801041039,0.388
801041040,0.405
801041043,0.533
801041044,0.385
801041045,na
801041046,0.371
801041047,0.446
801041048,0.401
801041118,0.329
801041119,na
801041120,0.401
801051049,0.627
801051050,0.455
801051051,0.395
801051053,0.500
801051054,0.421
801051055,0.436
801051056,0.427
801051057,0.415
801051058,0.457
801051060,0.450
801051061,0.399
801051124,0.467
801051125,0.361
801051127,0.560
801051128,na
801061062,0.494
801061063,0.561
801061064,0.477
801061067,0.445
801061068,na
801061069,0.540
801061070,0.521
801061129,0.397
801061130,0.429
801061131,0.406
801071071,0.357
801071072,0.368
801071073,0.379
801071074,0.372
801071075,0.373
801071076,0.420
801071077,0.372
801071078,0.374
801071079,0.392
801071080,0.390
801071081,0.363
801071082,0.402
801071083,0.397
801071084,0.388
801071086,0.376
801071087,0.348
801071088,0.354
801071089,na
801071090,0.399
801071132,na
801081091,0.464
801081092,0.416
801081093,0.407
801081094,0.405
801081095,0.391
801081096,0.421
801081097,0.408
801081098,0.416
801081133,na
801091099,0.426
801091100,0.458
801091101,0.454
801091102,0.489
801091103,0.458
801091104,0.469
801091105,0.437
801091106,0.435
801091107,0.562
801091108,0.466
801091109,0.364
801091110,0.423
801101134,na
801101135,0.349
801101138,na
801101139,0.333
801111140,0.422
801111141,na
901011001,0.366
901021002,na
901031003,na
901041004,na
